{
  "info": {
    "name": "wifi-protection - placeholder",
    "schema": "https://schema.getpostman.com/json/collection/v2.1.0/collection.json"
  },
  "item": [
    {
      "name": "Login",
      "request": {
        "method": "POST",
        "header": [],
        "body": {
          "mode": "raw",
          "raw": "{ \"mac\": \"AA:BB:CC:DD:EE:FF\", \"username\": \"demo\" }"
        },
        "url": {
          "raw": "http://localhost:3000/auth/login",
          "host": [
            "http://localhost:3000"
          ],
          "path": [
            "auth",
            "login"
          ]
        }
      }
    }
  ]
}